{
    "keff": 1.0021316915774972,
    "PHI1_FORWARD": [
        0.033249977502265396,
        0.043262067863816346,
        0.05336626074683499,
        0.06352168999102598,
        0.07370387636569213,
        0.08389797932194679,
        0.09409482791156382,
        0.10428858633266706,
        0.11447538091645244,
        0.1246524926061662,
        0.13481788204251013,
        0.14496991027863862,
        0.15510717455885856,
        0.16522841177445974,
        0.17533244172523488,
        0.18541813379349473,
        0.1954843873885613,
        0.20553012049057473,
        0.21555426295799116,
        0.22555575263684663,
        0.23553353311783623,
        0.24548655246248086,
        0.25541376249916853,
        0.26531411845426073,
        0.2751865787801502,
        0.2850301050990303,
        0.2948436622145893,
        0.3046262181635179,
        0.31437674429029006,
        0.324094215335485,
        0.33377760953192104,
        0.3434259087052274,
        0.3530380983768637,
        0.3626131678684135,
        0.372150110406456,
        0.3816479232276015,
        0.39110560768344427,
        0.4005221693452812,
        0.4098966181085038,
        0.4192279682966047,
        0.4285152387647586,
        0.4377574530029508,
        0.4469536392386323,
        0.4561028305388851,
        0.46520406491208344,
        0.47425638540903814,
        0.483258840223613,
        0.49221048279280066,
        0.5011103718962483,
        0.5099575717552217,
        0.5187511521309975,
        0.527490188422673,
        0.536173761764383,
        0.5448009591219142,
        0.5533708733887054,
        0.5618826034812264,
        0.5703352544337214,
        0.5787279374923104,
        0.5870597702084375,
        0.5953298765316557,
        0.603537386901739,
        0.6116814383401127,
        0.6197611745405911,
        0.6277757459594139,
        0.6357243099045709,
        0.6436060306244079,
        0.651420079395501,
        0.6591656346097928,
        0.6668418818609804,
        0.674448014030146,
        0.6819832313706222,
        0.6894467415920803,
        0.6968377599438362,
        0.7041555092973627,
        0.7113992202280013,
        0.7185681310958625,
        0.7256614881259089,
        0.7326785454872107,
        0.7396185653713659,
        0.746480818070078,
        0.7532645820518801,
        0.7599691440380003,
        0.7665937990773608,
        0.7731378506206983,
        0.7796006105938035,
        0.7859813994698683,
        0.7922795463409352,
        0.7984943889884392,
        0.8046252739528371,
        0.8106715566023152,
        0.8166326012005696,
        0.8225077809736505,
        0.8282964781758643,
        0.8339980841547258,
        0.839611999414956,
        0.8451376336815154,
        0.8505744059616684,
        0.8559217446060724,
        0.8611790873688829,
        0.8663458814668719,
        0.871421583637549,
        0.8764056601962834,
        0.8812975870924191,
        0.8860968499643747,
        0.8908029441937261,
        0.8954153749582654,
        0.8999336572840282,
        0.9043573160962868,
        0.9086858862695012,
        0.9129189126762256,
        0.9170559502349621,
        0.9210965639569589,
        0.9250403289919474,
        0.9288868306728125,
        0.9326356645591933,
        0.936286436480008,
        0.9398387625748985,
        0.9432922693345919,
        0.9466465936401727,
        0.9499013828012638,
        0.9530562945931086,
        0.9561109972925551,
        0.9590651697129355,
        0.9619185012378365,
        0.9646706918537591,
        0.9673214521816638,
        0.9698705035073969,
        0.9723175778109968,
        0.974662417794874,
        0.976904776910865,
        0.9790444193861556,
        0.9810811202480715,
        0.9830146653477324,
        0.9848448513825692,
        0.9865714859177002,
        0.9881943874061644,
        0.9897133852080102,
        0.991128319608238,
        0.9924390418335926,
        0.9936454140682062,
        0.9947473094680894,
        0.9957446121744679,
        0.9966372173259644,
        0.9974250310696245,
        0.9981079705707845,
        0.9986859640217814,
        0.9991589506495031,
        0.9995268807217781,
        0.9997897155526048,
        0.999947427506219,
        1.0,
        0.9999474275062137,
        0.999789715552594,
        0.999526880721762,
        0.9991589506494817,
        0.9986859640217546,
        0.9981079705707523,
        0.997425031069587,
        0.9966372173259216,
        0.9957446121744197,
        0.9947473094680359,
        0.9936454140681473,
        0.9924390418335284,
        0.9911283196081685,
        0.9897133852079354,
        0.9881943874060842,
        0.9865714859176147,
        0.9848448513824785,
        0.9830146653476363,
        0.98108112024797,
        0.9790444193860489,
        0.976904776910753,
        0.9746624177947566,
        0.9723175778108741,
        0.969870503507269,
        0.9673214521815305,
        0.9646706918536208,
        0.9619185012376928,
        0.9590651697127867,
        0.956110997292401,
        0.9530562945929494,
        0.9499013828010998,
        0.9466465936400041,
        0.9432922693344185,
        0.9398387625747207,
        0.9362864364798257,
        0.9326356645590066,
        0.9288868306726217,
        0.9250403289917526,
        0.9210965639567601,
        0.9170559502347594,
        0.9129189126760191,
        0.9086858862692911,
        0.9043573160960732,
        0.8999336572838114,
        0.8954153749580455,
        0.8908029441935034,
        0.8860968499641492,
        0.881297587092191,
        0.8764056601960526,
        0.8714215836373155,
        0.866345881466636,
        0.8611790873686451,
        0.8559217446058326,
        0.8505744059614267,
        0.8451376336812719,
        0.8396119994147109,
        0.8339980841544792,
        0.8282964781756162,
        0.8225077809734013,
        0.8166326012003191,
        0.8106715566020635,
        0.8046252739525844,
        0.7984943889881857,
        0.7922795463406811,
        0.7859813994696135,
        0.7796006105935482,
        0.7731378506204427,
        0.7665937990771049,
        0.7599691440377441,
        0.7532645820516236,
        0.7464808180698217,
        0.7396185653711097,
        0.7326785454869545,
        0.7256614881256531,
        0.718568131095607,
        0.7113992202277462,
        0.704155509297108,
        0.6968377599435819,
        0.6894467415918265,
        0.6819832313703691,
        0.6744480140298936,
        0.6668418818607287,
        0.659165634609542,
        0.6514200793952512,
        0.6436060306241592,
        0.6357243099043232,
        0.6277757459591674,
        0.619761174540346,
        0.611681438339869,
        0.6035373869014968,
        0.5953298765314152,
        0.5870597702081988,
        0.5787279374920735,
        0.5703352544334863,
        0.5618826034809933,
        0.5533708733884743,
        0.5448009591216852,
        0.5361737617641563,
        0.5274901884224487,
        0.5187511521307755,
        0.5099575717550021,
        0.5011103718960314,
        0.4922104827925865,
        0.4832588402234017,
        0.4742563854088298,
        0.4652040649118781,
        0.4561028305386828,
        0.44695363923843306,
        0.4377574530027548,
        0.4285152387645659,
        0.41922796829641534,
        0.4098966181083179,
        0.4005221693450988,
        0.39110560768326563,
        0.3816479232274266,
        0.3721501104062848,
        0.3626131678682462,
        0.3530380983767002,
        0.34342590870506795,
        0.3337776095317657,
        0.3240942153353338,
        0.3143767442901431,
        0.30462621816337526,
        0.29484366221445096,
        0.28503010509889626,
        0.27518657878002056,
        0.2653141184541355,
        0.2554137624990476,
        0.24548655246236442,
        0.23553353311772435,
        0.2255557526367393,
        0.2155542629578885,
